feature,importance
url_count,0.19813795884472024
urgency_score,0.12538359196063723
body_upper,0.12314724573229141
subject_upper,0.11657867517011533
special_chars,0.09114634880155485
body_len,0.07873948493208234
body_words,0.07020066910521491
digits_count,0.05352618455880567
subject_len,0.04482625432327761
subject_words,0.039922101419239533
urls,0.03556312219742595
email_count,0.022828362954635015
